~_-__^CRAWFORDIA^___,,,,
~_pontoonboat,!!pontoonboat,,,
~_pontoonboat,!!pontoonboat,,,
~LOC_Cdga,!!Cdga,,,
~LOC_Cdga,!!Cdga,,,
~LOC_Cdga,!!Cdga,,,
~LOC_Cdga,!!Cdga,,,
'~LOC_Cemetary;W''ville','!!Cemetary-W''ville',,,
'~LOC_Cemetary;W''ville','!!Cemetary-W''ville',,,
'~LOC_Cemetary;W''ville','!!Cemetary-W''ville',,,
'~LOC_Cemetary;W''ville','!!Cemetary-W''ville',,,
~LOC_EastBrady,!!EastBrady,,,
~LOC_EastBrady,!!EastBrady,,,
~LOC_EastBrady,!!EastBrady,,,
~LOC_EastBrady,!!EastBrady,,,
~LOC_Gibs,!!Gibs,,,
~LOC_Gibs,!!Gibs,,,
~LOC_Gorham,!!Gorham,,,
~LOC_Gorham,!!Gorham,,,
~LOC_Gorham,!!Gorham,,,
~LOC_Gorham,!!Gorham,,,
'~LOC_House;896W''ville','!!House;896W''ville',,,
'~LOC_House;896W''ville','!!House;896W''ville',,,
~LOC_House;Gibsonia,!!House-Gibsonia,,,
~LOC_House;Gibsonia,!!House-Gibsonia,,,
~LOC_House;Gorham,!!House-Gorham,,,
~LOC_House;Gorham,!!House-Gorham,,,
~LOC_House;KearneyRd,!!House;KearneyRd,,,
~LOC_House;KearneyRd,!!House;KearneyRd,,,
~LOC_House;RichlandRd,!!House;RichlandRd,,,
~LOC_House;RichlandRd,!!House;RichlandRd,,,
'~LOC_House;W''ville','!!House-W''ville',,,
'~LOC_House;W''ville','!!House-W''ville',,,
~LOC_JCCstudy,!!JCCstudy,,,
~LOC_JCCstudy,!!JCCstudy,,,
~LOC_JCCstudy,!!JCCstudy,,,
~LOC_JCCstudy,!!JCCstudy,,,
~LOC_Pa.Other,!!Pa.Other,,,
~LOC_Pa.Other,!!Pa.Other,,,
~LOC_Pa.Other,!!Pa.Other,,,
~LOC_Pa.Other,!!Pa.Other,,,
~LOC_Pbg,!!Pbg,,,
~LOC_Pbg,!!Pbg,,,
~LOC_Pbg,!!Pbg,,,
~LOC_Pbg,!!Pbg,,,
~LOC_proj.sunroom,!!proj.sunroom,,,
~LOC_proj.sunroom,!!proj.sunroom,,,
~LOC_proj.sunroom,!!proj.sunroom,,,
~LOC_proj.sunroom,!!proj.sunroom,,,
~LOC_River;Allegheny,!!River-Allegheny,,,
~LOC_River;Allegheny,!!River;Allegheny,,,
~LOC_River;Allegheny,!!River-Allegheny,,,
~LOC_River;Allegheny,!!River;Allegheny,,,
~LOC_Wattersonville,!!Wattersonville,,,
~LOC_Wattersonville,!!Wattersonville,,,
~LOC_Wattersonville,!!Wattersonville,,,
~LOC_Wattersonville,!!Wattersonville,,,
~NOUN_pontoonboat,!!pontoonboat,,,
~NOUN_pontoonboat,!!pontoonboat,,,
~OTHR_Cynthia,!!tree-Cynthia,,,
~OTHR_Cynthia,!!tree.Cynthia,,,
~OTHR_Cynthia,!!tree-Cynthia,,,
~OTHR_Cynthia,!!tree.Cynthia,,,
~PET_BeeGees,!!pet-BeeGees,,,
~PET_BeeGees,!!pet.BeeGees,,,
~PET_BeeGees,!!pet-BeeGees,,,
~PET_BeeGees,!!pet.BeeGees,,,
~PET_Crackers,!!pet-Crackers,,,
~PET_Crackers,!!pet.Crackers,,,
~PET_Crackers,!!pet-Crackers,,,
~PET_Crackers,!!pet.Crackers,,,
~PET_George,!!pet-George,,,
~PET_George,!!pet.George,,,
~PET_George,!!pet-George,,,
~PET_George,!!pet.George,,,
~PET_Hanes,!!pet-Hanes,,,
~PET_Hanes,!!pet.Hanes,,,
~PET_Hanes,!!pet-Hanes,,,
~PET_Hanes,!!pet.Hanes,,,
~PET_HDCpet,!!pet-HDCpet,,,
~PET_HDCpet,!!pet.HDCpet,,,
~PET_HDCpet,!!pet-HDCpet,,,
~PET_HDCpet,!!pet.HDCpet,,,
~PET_Helix,!!pet-Helix,,,
~PET_Helix,!!pet.Helix,,,
~PET_Helix,!!pet-Helix,,,
~PET_Helix,!!pet.Helix,,,
~PET_James,!!pet-James,,,
~PET_James,!!pet.James,,,
~PET_James,!!pet-James,,,
~PET_James,!!pet.James,,,
~PET_Maxx,!!pet-Maxx,,,
~PET_Maxx,!!pet.Maxx,,,
~PET_Maxx,!!pet-Maxx,,,
~PET_Maxx,!!pet.Maxx,,,
~PET_Nancy,!!pet-Nancy,,,
~PET_Nancy,!!pet.Nancy,,,
~PET_Nancy,!!pet-Nancy,,,
~PET_Nancy,!!pet.Nancy,,,
~PET_Trixxie,!!pet-Trixxie,,,
~PET_Trixxie,!!pet.Trixxie,,,
~PET_Trixxie,!!pet-Trixxie,,,
~PET_Trixxie,!!pet.Trixxie,,,
~PPL_HDC,!!HDC,Heather,,
~PPL_HDC,!!HDC,Heather,,
~PPL_HDC,!!HDC,Heather,,
~PPL_HDC,!!HDC,Heather,,
~PPL_JCC,!!JCC,Jack,,
~PPL_JCC,!!JCC,100,,
~PPL_JCC,!!JCC,Jack,,
~PPL_JCC,!!JCC,100,,
~PPL_SDC,!!SDC,Shirley,,
~PPL_SDC,!!SDC,Shirley,,
~PPL_SDC,!!SDC,Shirley,,
~PPL_SDC,!!SDC,Shirley,,
ADJ_-__ADJECTIVE___,,,,
ADJ_-__ADJECTIVE___,,,,
ADJ_+SERIES,+SERIES,,,
ADJ_+SERIES,+SERIES,,,
ADJ_bizarre,bizarre,,,
ADJ_bizarre,bizarre,,,
ADJ_blowup,blowup,,,
ADJ_blowup,blowup,,,
ADJ_bondage,bondage,restrained,,
ADJ_bondage,bondage,restrained,,
ADJ_chastity,chastity,,,
ADJ_chastity,chastity,,,
ADJ_classic,classic,,,
ADJ_classic,classic,,,
ADJ_cleavage,cleavage,,,
ADJ_CLR-.smoke,smoke,,,
ADJ_cocooned,cocooned,,,
ADJ_cocooned,cocooned,,,
ADJ_Enclosure,Enclosure,,,
ADJ_Enclosure,Enclosure,,,
ADJ_extreme,extreme,,,
ADJ_extreme,extreme,,,
ADJ_eye-peek,eye-peek,,,
ADJ_eye-peek,eye-peek,,,
ADJ_heavy_rubber,heavy_rubber,,,
ADJ_heavy_rubber,heavy_rubber,,,
ADJ_hogtied,hogtie,,,
ADJ_immobile,immobile,,,
ADJ_immobile,immobile,,,
ADJ_inflated,inflated,,,
ADJ_intense,intense,,,
ADJ_intense,intense,,,
ADJ_intriguing,intriguing,,,
ADJ_intriguing,intriguing,,,
ADJ_kigurumi,kigurumi,,,
ADJ_kigurumi,kigurumi,,,
ADJ_LIR,LIR,,,
ADJ_LIR,LIR,,,
ADJ_locked,locked,padlock,,
ADJ_locked,locked,padlock,,
ADJ_loose-fit,Loose-fit,,,
ADJ_loose-fit,Loose-fit,,,
ADJ_lubed,lubed,,,
ADJ_moulded,moulded,,,
ADJ_moulded,moulded,,,
ADJ_mummification,mummification,,,
ADJ_mummification,mummification,,,
ADJ_nadu,nadu,,,
ADJ_ornamental,ornamental,,,
ADJ_ornamental,ornamental,,,
ADJ_pepperpot,pepperpot,,,
ADJ_pony,pony,,,
ADJ_rubberdoll,rubberdoll,,,
ADJ_rubberdoll,rubberdoll,,,
ADJ_ShinrinYoku,ShinrinYoku,SY,,
ADJ_ShinrinYoku,ShinrinYoku,SY,,
ADJ_statuary,statuary,,,
ADJ_steamy,steamy,,,
ADJ_steamy,steamy,,,
ADJ_stink,stink,,,
ADJ_stink,stink,,,
ADJ_storage,storage,,,
ADJ_storage,storage,,,
ADJ_sweaty,sweaty,,,
ADJ_sweaty,sweaty,,,
ADJ_TotalEnclosure,TotalEnclosure,TE,,
ADJ_TotalEnclosure,TotalEnclosure,TE,,
ADJ_unique!,unique!,,,
ADJ_unique!,unique!,,,
ADJ_upside-down,upside-down,,,
ADJ_vanilla,vanilla,,,
ADJ_vanilla,vanilla,,,
ADJ_vertical,vertical,,,
ADJ_vertical,vertical,,,
ADJ.CLR-_-___COLOR____,,,,
ADJ.CLR-_ADJ.CLR-,ADJ_CLR-,clear,,
ADJ.CLR-_ADJ.CLR-.smoke,,,,
ADJ.CLR-_blk,blk,black,,
ADJ.CLR-_blu,blu,blue,,
ADJ.CLR-_brn,brn,brown,,
ADJ.CLR-_gld,gld,gold,,
ADJ.CLR-_grn,grn,green,,
ADJ.CLR-_gry,gry,gray,,
ADJ.CLR-_natx,natx,natural,,
ADJ.CLR-_orng,orng,orange,,
ADJ.CLR-_prpl,prpl,purple,,
ADJ.CLR-_red,red,,,
ADJ.CLR-_slvr,slvr,silver,,
ADJ.CLR-_wht,wht,white,,
ADJ.CLR-_yel,yel,yellow,,
BODY_-___BODY___,,,,
BODY_feet,feet,,,
BODY_hair.black,hair.black,,,
BODY_hair.blonde,hair.blonde,blond,,
BODY_hair.long,hair.long,long hair,,
BODY_hair.red,hair.red,,,
BODY_pigtail,pigtail,pigtails,,
BODY_ponytail,ponytail,,,
BODY_ponytail,ponytail,,,
BODY_ponytail,ponytail,,,
CHR_-___CHARACTER___,,,,
CHR_-___CHARACTER___,,,,
CHR_b^Thalia,Thalia,Tx,,
CHR_b^Thalia,©Thalia,Tx,,
CHR_Gus,Gus,Gx,,
CHR_Gus,Gus,Gx,,
CHR_Hevea,Hevea,Hx,,
CHR_Hevea,Hevea,Hx,,
CHR_i^James,James,Jx,,
CHR_i^James,James,Jx,,
CHR_i^Lorraine,Lorraine,Lx,,
CHR_i^Lorraine,Lorraine,Lx,,
CHR_Mike,Mike,Mx,,
CHR_Mike,Mike,Mx,,
CHR_MIZFIT,MIZFIT,,,
CHR_MIZFIT,MIZFIT,,,
CHR_Polly,Polly,Px,,
CHR_Polly,Polly,Px,,
CHR_Sarah,Sarah,Sx,,
CHR_Sarah,Sarah,Sx,,
CHR_William,William,Wx,,
CHR_William,William,Wx,,
LOC_-__LOCATION___,,,,
LOC_-__LOCATION___,,,,
LOC_backyard,backyard,,,
LOC_backyard,backyard,,,
LOC_basement,basement,,,
LOC_basement,basement,,,
LOC_bathroom,bathroom,,,
LOC_bathroom,bathroom,,,
LOC_bedroom,bedroom,,,
LOC_bedroom,bedroom,,,
LOC_closet,closet,,,
LOC_closet,closet,,,
LOC_creek,creek,,,
LOC_creek,creek,,,
LOC_diningroom,diningroom,,,
LOC_diningroom,diningroom,,,
LOC_forest,forest,woods,,
LOC_forest,forest,woods,,
LOC_garage,garage,,,
LOC_garage,garage,,,
LOC_garden,garden,,,
LOC_garden,garden,,,
LOC_generator,generator,,,
LOC_generator,generator,,,
LOC_Hahnestary,Hahnestary,,,
LOC_Hahnestary,Hahnestary,,,
LOC_House,House,,,
LOC_House,House,,,
LOC_indoors,indoors,,,
LOC_indoors,indoors,,,
LOC_kitchen,kitchen,,,
LOC_kitchen,kitchen,,,
LOC_laundryroom,laundryroom,,,
LOC_laundryroom,laundryroom,,,
LOC_lawn,lawn,,,
LOC_lawn,lawn,,,
LOC_library,library,,,
LOC_library,library,,,
LOC_livingroom,livingroom,,,
LOC_livingroom,livingroom,,,
LOC_mailbox,mailbox,,,
LOC_mailbox,mailbox,,,
LOC_mirror,mirror,,,
LOC_mirror,mirror,,,
LOC_outdoors,outdoors,,,
LOC_outdoors,outdoors,,,
LOC_pantry,pantry,,,
LOC_pantry,pantry,,,
LOC_patio,patio,,,
LOC_patio,patio,,,
LOC_pond,pond,,,
LOC_pond,pond,,,
LOC_pool,pool,,,
LOC_pool,pool,,,
LOC_porch,porch,,,
LOC_porch,porch,,,
LOC_rain,rain,,,
LOC_rain,rain,,,
LOC_River,River,,,
LOC_River,River,,,
LOC_seashore,seashore,,,
LOC_seashore,seashore,,,
LOC_shower,shower,,,
LOC_shower,shower,,,
LOC_stairs,stairs,,,
LOC_stairs,stairs,,,
LOC_trail,trail,path,,
LOC_trail,trail,path,,
LOC_unknown,Location-Unknown,location,unknown,where??
LOC_unknown,Location-Unknown,location,unknown,where??
mental,,,,
NOUN_-__NOUNS____,,,,
NOUN_android,android,,,
NOUN_android,android,,,
NOUN_apron,apron,,,
NOUN_apron,apron,,,
NOUN_armbinder,armbinder,,,
NOUN_armbinder,armbinder,,,
NOUN_armbinder-pray,armbinder-pray,,,
NOUN_armbinder-pray,armbinder-pray,,,
NOUN_Asian,Asian,oriental,,
NOUN_Asian,Asian,oriental,,
NOUN_balaclava,balaclava,,,
NOUN_balaclava,balaclava,,,
NOUN_balletheels,balletheels,,,
NOUN_balletheels,balletheels,,,
NOUN_bane,bane,,,
NOUN_bane,bane,,,
NOUN_belt,belt,,,
NOUN_belt,belt,,,
NOUN_bicycle,bicycle,,,
NOUN_bicycle,bicycle,,,
NOUN_boat,boat,,,
NOUN_boat,boat,,,
NOUN_BODY_cleavage,cleavage,,,
NOUN_BODY--___NOUN_BODY-__,,,,
NOUN_BODY-feet,feet,,,
NOUN_BODY-hair.black,hair.black,,,
NOUN_BODY-hair.blonde,hair.blonde,blond,,
NOUN_BODY-hair.long,hair.long,long hair,,
NOUN_BODY-hair.red,hair.red,,,
NOUN_BODY-pigtail,pigtail,pigtails,,
NOUN_BODY-ponytail,ponytail,,,
NOUN_bodybag,bodybag,,,
NOUN_bodybag,bodybag,,,
NOUN_boilersuit,boilersuit,,,
NOUN_boilersuit,boilersuit,,,
NOUN_boots,boots,,,
NOUN_boots,boots,,,
NOUN_box-cage,box-cage,,,
NOUN_box-cage,box-cage,,,
NOUN_box-cage,box-cage,,,
NOUN_bra,bra,,,
NOUN_bra,bra,,,
NOUN_briefs,briefs,,,
NOUN_briefs,briefs,,,
NOUN_buckles,buckles,,,
NOUN_buckles,buckles,,,
NOUN_bugsuit,bugsuit,,,
NOUN_bugsuit,bugsuit,,,
NOUN_bulb,Bulb-pump,,,
NOUN_bulb,Bulb-pump,,,
NOUN_burqa,burqa,,,
NOUN_burqa,burqa,,,
NOUN_buttplug,buttplug,,,
NOUN_buttplug,buttplug,,,
NOUN_cage,cage,box,boxcage,
NOUN_cage,cage,box,boxcage,
NOUN_catsuit,catsuit,,,
NOUN_catsuit,catsuit,,,
NOUN_chains,chains,,,
NOUN_chains,chains,,,
NOUN_chast.belt,chast.belt,,,
NOUN_chast.belt,chast.belt,,,
NOUN_chast.belt.wire,chast.belt.wire,,,
NOUN_chast.belt.wire,chast.belt.wire,,,
NOUN_chidori,chidori,,,
NOUN_chidori,chidori,,,
NOUN_cndm-suit,cndm-suit,,,
NOUN_cndm-suit,cndm-suit,,,
NOUN_cndm.1,cndm.1,Condom.1,,
NOUN_cndm.1,cndm.1,Condom.1,,
NOUN_cndm.2,cndm.2,Condom.2,,
NOUN_cndm.2,cndm.2,Condom.2,,
NOUN_cndm.3,cndm.3,Condom.3,,
NOUN_cndm.3,cndm.3,Condom.3,,
NOUN_coat,coat,,,
NOUN_coat,coat,,,
NOUN_collar,collar,,,
NOUN_collar,collar,,,
NOUN_collar.steel,collar.steel,,,
NOUN_collar.steel,collar.steel,,,
NOUN_container,container,,,
NOUN_container,container,,,
NOUN_corset,corset,,,
NOUN_corset,corset,,,
NOUN_crux,crux,,,
NOUN_crux,crux,,,
NOUN_crux,crux,,,
NOUN_cuffs,cuffs,,,
NOUN_cuffs,cuffs,,,
NOUN_daysuit,daysuit,,,
NOUN_daysuit,daysuit,,,
NOUN_dildoes,dildoes,,,
NOUN_dildoes,dildoes,,,
NOUN_dildopants,dildopants,,,
NOUN_dildopants,dildopants,,,
NOUN_dominatrix,dominatrix,,,
NOUN_dominatrix,dominatrix,,,
NOUN_dress,dress,,,
NOUN_dress,dress,,,
NOUN_drone,drone,,,
NOUN_drone,drone,,,
NOUN_earphones,earphones,headphones,,
NOUN_earphones,earphones,headphones,,
NOUN_fashion,fashion,,,
NOUN_fashion,fashion,,,
NOUN_featherweight,featherweight,,,
NOUN_featherweight,featherweight,,,
NOUN_femask,femask,,,
NOUN_femask,femask,,,
NOUN_ferns,ferns,,,
NOUN_ferns,ferns,,,
NOUN_filigree,filigree,,,
NOUN_filigree,filigree,,,
NOUN_fireplace,fireplace,,,
NOUN_fireplace,fireplace,,,
NOUN_gag,gag,ballgag,,
NOUN_gag,gag,ballgag,,
NOUN_gag.harness,harness gag,,,
NOUN_gag.harness,harness gag,,,
NOUN_gag.inflatable,inflatable gag,,,
NOUN_gag.inflatable,inflatable gag,,,
NOUN_gag.scoldsbridal,scoldsbridal,,,
NOUN_gag.scoldsbridal,scoldsbridal,,,
NOUN_gasmask,gasmask, gas mask,,
NOUN_gasmask,gasmask, gas mask,,
NOUN_gasmask.full,gasmask.f, gasmask.fullview,fullview,
NOUN_gasmask.full,gasmask.f, gasmask.fullview,fullview,
NOUN_gasmask.goggleeye,gasmask.g, gasmask.goggle,goggleeye,
NOUN_gasmask.goggleeye,gasmask.g, gasmask.goggle,goggleeye,
NOUN_gimp,gimp,,,
NOUN_gimp,gimp,,,
NOUN_glasses,glasses,,,
NOUN_glasses,glasses,,,
NOUN_gloves,gloves,,,
NOUN_gloves,gloves,,,
NOUN_goggles,goggles,,,
NOUN_goggles,goggles,,,
NOUN_Group.2,Group.2,,,
NOUN_Group.2,Group.2,,,
NOUN_Group.3,Group.3,,,
NOUN_Group.3,Group.3,,,
NOUN_Group4+,Group.4+,,,
NOUN_Group4+,Group.4+,,,
NOUN_hat,hat,,,
NOUN_hat,hat,,,
NOUN_hat,hat,,,
NOUN_hat,hat,,,
NOUN_hood,hood,,,
NOUN_hood,hood,,,
NOUN_hood.cndm,hood.cndm,,,
NOUN_hood.cndm,hood.cndm,,,
NOUN_hood.system,hood.system,,,
NOUN_hood.system,hood.system,,,
NOUN_Jeans,jeans,,,
NOUN_Jeans,Jeans,,,
NOUN_jewelry,jewelry,,,
NOUN_jewelry,jewelry,,,
NOUN_kigurumi,kigurumi,,,
NOUN_kigurumi,kigurumi,,,
NOUN_kigurumi.blk.resin,kigurumi.blk.resin,,,
NOUN_kigurumi.blk.resin,kigurumi.blk.resin,,,
NOUN_layers.1,layers.1,,,
NOUN_layers.1,layers.1,,,
NOUN_layers.2,layers.2,,,
NOUN_layers.2,layers.2,,,
NOUN_layers.3,layers.3,,,
NOUN_layers.3,layers.3,,,
NOUN_leather,leather,,,
NOUN_leather,leather,,,
NOUN_legspreader,legspreader,,,
NOUN_legspreader,legspreader,,,
NOUN_machine,machine,,,
NOUN_machine,machine,,,
NOUN_maid,maid,,,
NOUN_maid,maid,,,
NOUN_mail,mail,mailbox,,
NOUN_mail,mail,mailbox,,
NOUN_makeup,makeup,,,
NOUN_makeup,makeup,,,
NOUN_male,male,,,
NOUN_male,male,,,
NOUN_mannequin,mannequin,,,
NOUN_mannequin,mannequin,,,
NOUN_mask,mask,,,
NOUN_mask,mask,,,
NOUN_medical,medical,nurse,,
NOUN_medical,medical,nurse,,
NOUN_microperf,microperf,,,
NOUN_microperf,microperf,,,
NOUN_mitts,mitts,,,
NOUN_mitts,mitts,,,
NOUN_mouthpeek,mouthpeek,,,
NOUN_mouthpeek,mouthpeek,,,
NOUN_mummy,mummy,,,
NOUN_mummy,mummy,,,
NOUN_music,music,,,
NOUN_music,music,,,
NOUN_nipple clamp,nipple clamp,,,
NOUN_nipple clamp,nipple clamp,,,
NOUN_NRD,NRD,,,
NOUN_nunk,nunk,,,
NOUN_nunk,nunk,,,
NOUN_Ordeal,Ordeal,,,
NOUN_pajamas,pajamas,,,
NOUN_pajamas,pajamas,,,
NOUN_panties,panties,,,
NOUN_panties,panties,,,
NOUN_pants,pants,,,
NOUN_pants,pants,,,
NOUN_pepperpot,pepperpot,,,
NOUN_piercing,piercing,,,
NOUN_piercing,piercing,,,
NOUN_pillory,pillory,,,
NOUN_pillory,pillory,,,
NOUN_pleather,pleather,cire,,
NOUN_pleather,pleather,cire,,
NOUN_pump,pump,,,
NOUN_pump,pump,,,
NOUN_PVC,PVC,plasticvinyl,clearPVC,cellophane
NOUN_PVC,PVC,plasticvinyl,clearPVC,cellophane
NOUN_quilt,quilt,,,
NOUN_quilt,quilt,,,
NOUN_resin,resin,,,
NOUN_resin,resin,,,
NOUN_respirator,respirator,,,
NOUN_respirator,respirator,,,
NOUN_rope,rope,sisal,,
NOUN_rope,rope,sisal,,
NOUN_rubberspace,RubberSpace,,,
NOUN_sarlac,sarlac,,,
NOUN_sarlac,sarlac,,,
NOUN_sensdep,sensdep,sensory deprivation,,
NOUN_shirt,shirt,,,
NOUN_shirt,shirt,,,
NOUN_shoes.heels,shoes.heels,heels,,
NOUN_shoes.heels,shoes.heels,heels,,
NOUN_skinsuit,skinsuit,,,
NOUN_skinsuit,skinsuit,,,
NOUN_slave,slave,,,
NOUN_slave,slave,,,
NOUN_sleepsack,sleepsack,,,
NOUN_sleepsack,sleepsack,,,
NOUN_steel,steel,chrome,,
NOUN_steel,steel,chrome,,
NOUN_stock,stock,,,
NOUN_stock,stock,,,
NOUN_stocking,stocking,,,
NOUN_stocking,stocking,,,
NOUN_straitjacket,straitjacket,,,
NOUN_straitjacket,straitjacket,,,
NOUN_straps,straps,,,
NOUN_straps,straps,,,
NOUN_sunglasses,sunglasses,,,
NOUN_sunglasses,sunglasses,,,
NOUN_SwedishCollar,SwedishCollar,,,
NOUN_SwedishCollar,SwedishCollar,,,
NOUN_T.V.,T.V.,,,
NOUN_Tai-Chi,Tai-Chi,,,
NOUN_television,television,,,
NOUN_thighband,thighband,,,
NOUN_thighband,thighband,,,
NOUN_tree,tree,,,
NOUN_tree,tree,,,
NOUN_tube,tube,nostril,,
NOUN_tube,tube,nostril,,
NOUN_uniform,uniform,,,
NOUN_uniform,uniform,,,
NOUN_vacbed,vacbed,,,
NOUN_vacbed,vacbed,,,
NOUN_vacuum,,,,
NOUN_vibrator,vibrator,,,
NOUN_vibrator,vibrator,,,
NOUN_water-wet,water-wet,,,
NOUN_water-wet,water-wet,,,
NOUN_workhood,workhood,,,
NOUN_workhood,workhood,,,
NOUN_worksuit,worksuit,,,
NOUN_worksuit,worksuit,,,
NOUN_wrinkles&folds,folds,wrinkles,,
NOUN_wrinkles&folds,wrinkles&folds,wrinkles,,
NOUN_xbling,xbling,,,
NOUN_xbling,xbling,,,
NOUN_yoga,yoga,,,
NOUN_zipper,zipper,,,
NOUN_zipper,zipper,,,
NOUN.furn_z_FURNITURE_____,,,,
NOUN.furn--___FURNITURE_____,,,,
NOUN.furn-bed,bed,,,
NOUN.furn-belljar,belljar,,,
NOUN.furn-chair,chair,,,
NOUN.furn-chair.cuny,chair.cuny,,,
NOUN.furn-desk,desk,,,
NOUN.furn-OG-box,OG-box,,,
NOUN.furn-sofa,sofa,,,
NOUN.furn-sybian,sybian,,,
NOUN.furn-table,table,,,
NOUN.furn-toilet,toilet,,,
NOUN.furn-wheelchair,wheelchair,,,
PHTO_-___PHOTO____,,,,
PHTO_-___PHOTO____,,,,
PHTO_artwork,artwork,,,
PHTO_artwork,artwork,,,
PHTO_b&w,b&w,,,
PHTO_b&w,b&w,,,
PHTO_comment,comment,,,
PHTO_comment,comment,,,
PHTO_composite,composite,,,
PHTO_composite,composite,,,
PHTO_detail,detail,,,
PHTO_detail,detail,,,
PHTO_GIF,GIF,,,
PHTO_GIF,GIF,,,
PHTO_head-only,head-only,,,
PHTO_head-only,head-only,,,
PHTO_head&shoulders,head&shoulders,h&s,,
PHTO_head&shoulders,head&shoulders,h&s,,
PHTO_MP4,MP4,,,
PHTO_MP4,MP4,,,
PHTO_partial_body,partial,,,
PHTO_partial_body,partial,,,
PHTO_posing,posing,,,
PHTO_posing,posing,,,
PHTO_rearview,rearview,,,
PHTO_rearview,rearview,,,
PHTO_sideview,sideview,,,
PHTO_sideview,sideview,,,
PHTO_upper torso,upper torso,,,
PHTO_upper torso,upper torso,,,
riverview,,,,
TIME_-__TIME___,,,,
TIME_-__TIME___,,,,
TIME_a.m.,a.m.,,,
TIME_a.m.,a.m.,,,
TIME_afternoon,afternoon,,,
TIME_afternoon,afternoon,,,
TIME_evening,evening,,,
TIME_evening,evening,,,
TIME_lunch,lunch,,,
TIME_lunch,lunch,,,
TIME_morning,morning,,,
TIME_morning,morning,,,
TIME_nighttime,nighttime,,,
TIME_nighttime,nighttime,,,
TIME_p.m.,p.m.,,,
TIME_p.m.,p.m.,,,
VERB_-____VERBS___,,,,
VERB_BJ,BJ,,,
VERB_BJ,BJ,,,
VERB_BJ,BJ,,,
VERB_box-cage,box-cage,,,
VERB_bukkae,bukkae,,,
VERB_bukkae,bukkae,,,
VERB_bukkae,bukkae,,,
VERB_camping,camping,,,
VERB_camping,camping,,,
VERB_camping,camping,,,
VERB_cleaning,cleaning,,,
VERB_cleaning,cleaning,,,
VERB_cleaning,cleaning,,,
VERB_cooking,cooking,,,
VERB_cooking,cooking,,,
VERB_cooking,cooking,,,
VERB_crux,crux,,,
VERB_cuni,cuni,,,
VERB_cuni,cuni,,,
VERB_cuni,cuni,,,
VERB_dance,dance,Dance,,
VERB_dance,dance,Dance,,
VERB_dancing,dancing,,,
VERB_dining,dining,,,
VERB_dinner,dinner,,,
VERB_dinner,dinner,,,
VERB_eating,eating,,,
VERB_eating,eating,,,
VERB_eating,eating,,,
VERB_electro,electro,,,
VERB_electro,electro,,,
VERB_electro,electro,,,
VERB_gagged,gagged,,,
VERB_gagged,gagged,,,
VERB_gagged,gagged,,,
VERB_hiking,hiking,,,
VERB_hiking,hiking,,,
VERB_hiking,hiking,,,
VERB_hogtie,hogtie,,,
VERB_housekeeping,housekeeping,,,
VERB_houskeeping,housekeeping,,,
VERB_inflation,inflation,,,
VERB_journaling,journaling,,,
VERB_journaling,journaling,,,
VERB_lacing,lacing,,,
VERB_lacing,lacing,,,
VERB_laying,laying,,,
VERB_laying,laying,,,
VERB_legspreader,legspreader,,,
VERB_mailing,mailing,,,
VERB_meditate,meditate,,,
VERB_meditating,meditate,,,
VERB_mowing-lawn,mowing-lawn,,,
VERB_mowing-lawn,mowing-lawn,,,
VERB_napping,nap,,,
VERB_OG-denial,OG-denial,,,
VERB_OG-enforced,OG-enforced,,,
VERB_OG-ing,OG-ing,,,
VERB_quilting,quilting,,,
VERB_reading_,reading_,,,
VERB_relaxing,relaxing,,,
VERB_serving,serving,,,
VERB_sitting,sitting,,,
VERB_sleeping,sleep,,,
VERB_smoking,smoking,,,
VERB_standing,standing,,,
VERB_strapado,strapado,,,
VERB_suspension,suspension,,,
VERB_sweeping,sweeping,,,
VERB_swimming,swimming,,,
VERB_twinning,twinning,,,
VERB_vacuuming,vacuum,,,
VERB_walking,walking,,,
VERB_writing,writing,,,
xxMDL_-__MODEL____,,,,
xxMDL_AnnaRose,Anna Rose,AnnaRose,,
xxMDL_Bianca,Bianca,,,
xxMDL_Charlotte,Charlotte,,,
xxMDL_Fetilicious,Fetilicious,MissFetilicious,,
xxMDL_Fetish.Kitsch,Fetish.Kitsch,kitsch,,
xxMDL_H.o.G,H.o.G,HOG,Gord,
xxMDL_Hermomine,Hermomine,,,
xxMDL_INSEX,INSEX,,,
xxMDL_LatexPeriment,LatexPeriment,,,
xxMDL_LaTrisha,LaTrisha,,,
xxMDL_Lucy,Lucy,,,
xxMDL_Manuela,Manuela,,,
xxMDL_Marylin,Marylin,,,
xxMDL_Piglet.Katerina,Piglet.Katerina,piglet,katerina,
xxMDL_SophieGreen,SophieGreen,,,
xxMDL_SophieXElodie,SophieXElodie,,,
xxMDL_StarFucked,Starfucked,,,
xxMDL_SWAY,SWAY,,,
xxMDL_SweetSeverine,SweetSeverine,,,
xxMDL_Veronica,Veronica,,,
zz%_-__COVERAGE___,,,,
Zz%_0.00%,0.00%,Aerobia,,
zz%_100%,100%,TotalEnclosure,Anaerobia,Anaerobic
zz%_50%,50%,,,
zz%_60%,60%,,,
zz%_70%,70%,,,
zz%_75%,75%,,,
zz%_80%,80%,,,
zz%_85%,85%,,,
zz%_90%,90%,,,
zz%_95%,95%,,,
zz%_96%,96%,,,
zz%_97%,97%,,,
zz%_98%,98%,,,
zz%_99.5%,99.5%,,,
zz%_99%,99%,,,
zzAGE_-___zzAGE_____,,,,
zzAGE_20-30,age20-30,,,
zzAGE_30-40,age30-40,,,
zzAGE_40-50,age40-50,,,
zzAGE_50-60,age50-60,,,
zzAGE_65,age65,,,
zzAGE_70-80,age70-80,,,
zzSTARZ_&,&,,,
zzSTARZ_&&,&&,,,
zzSTARZ_&&&,&&&,,,
zzSTARZ_&&&&,&&&&,,,
zzSTARZ_&&&&&,&&&&&,,,
zzSTARZ-___STARZ___,,,,
sapling,,,,
sapling,,,,
junktag#1,,,,
junktag#1,,,,
